City_ID,City,Country,Lat,Lng,Max Temp,Humidity,Cloudiness,Wind Speed,Current Description
0,Lethem,GY,3.3803,-59.7968,78.71,85,95,4.68,light rain
1,Qaanaaq,GL,77.484,-69.3632,24.4,81,100,3.09,overcast clouds
2,Talavera De La Reina,ES,39.9635,-4.8308,63.52,51,6,4.47,clear sky
3,Alyangula,AU,-13.8483,136.4192,75.07,94,5,1.14,clear sky
4,Yen Bai,VN,21.7,104.8667,75.16,97,100,3.4,overcast clouds
5,Puerto Ayora,EC,-0.7393,-90.3518,78.76,79,51,9.44,broken clouds
6,New Norfolk,AU,-42.7826,147.0587,42.3,83,36,2.66,scattered clouds
7,Kapaa,US,22.0752,-159.319,80.58,77,40,12.66,scattered clouds
8,Nikolskoye,RU,59.7035,30.7861,38.79,87,49,5.53,scattered clouds
9,Punta Arenas,CL,-53.15,-70.9167,44.71,65,40,36.82,light rain
10,Sao Joao Da Barra,BR,-21.6403,-41.0511,73.49,78,11,12.82,few clouds
11,Rikitea,PF,-23.1203,-134.9692,76.37,77,78,19.69,broken clouds
12,Butaritari,KI,3.0707,172.7902,81.82,79,13,18.32,few clouds
13,Hilo,US,19.7297,-155.09,92.28,83,100,14.97,light rain
14,Bluff,NZ,-46.6,168.3333,49.8,89,100,2.84,overcast clouds
15,Hobart,AU,-42.8794,147.3294,42.66,88,0,1.14,clear sky
16,Cherskiy,RU,68.75,161.3,25.11,89,100,12.95,overcast clouds
17,Kloulklubed,PW,7.0419,134.2556,75.7,85,100,14.23,moderate rain
18,Busselton,AU,-33.65,115.3333,55.42,83,1,3.0,clear sky
19,Banjar,ID,-8.19,114.9675,77.67,90,85,3.0,overcast clouds
20,Mataura,NZ,-46.1927,168.8643,49.48,93,99,0.31,overcast clouds
21,Egvekinot,RU,66.3167,-179.1667,28.13,92,100,2.13,overcast clouds
22,Moses Lake,US,47.1301,-119.2781,56.08,24,75,11.5,broken clouds
23,Hermanus,ZA,-34.4187,19.2345,58.17,76,98,3.29,overcast clouds
24,Ushuaia,AR,-54.8,-68.3,42.46,75,40,28.77,scattered clouds
25,At-Bashi,KG,41.1702,75.8106,56.39,40,0,5.19,clear sky
26,Bethel,US,41.3712,-73.414,58.64,42,100,4.0,overcast clouds
27,Nagato,JP,34.3833,131.2,59.2,69,70,13.87,broken clouds
28,Baturaja,ID,-4.1333,104.1667,74.89,88,100,2.01,overcast clouds
29,Wagga Wagga,AU,-35.1167,147.3667,44.6,100,0,5.75,clear sky
30,Sfantu Gheorghe,RO,45.8667,25.7833,50.83,79,88,2.33,light rain
31,Thompson,CA,55.7435,-97.8558,59.16,44,40,18.41,scattered clouds
32,Corrente,BR,-3.7367,-43.3394,74.77,95,100,1.63,heavy intensity rain
33,Hami,CN,42.8,93.45,66.42,31,6,6.8,clear sky
34,Pevek,RU,69.7008,170.3133,22.73,85,100,11.18,overcast clouds
35,Keuruu,FI,62.2667,24.7,36.81,74,12,5.12,few clouds
36,Batagay-Alyta,RU,67.8006,130.4114,26.89,94,100,3.78,light snow
37,Souillac,MU,-20.5167,57.5167,71.98,94,20,3.44,few clouds
38,Yellowknife,CA,62.456,-114.3525,25.32,93,100,27.63,overcast clouds
39,Kibala,TD,9.1104,18.3463,87.75,62,0,0.0,clear sky
40,Fare,PF,-16.7,-151.0167,81.84,75,11,11.34,few clouds
41,Mar Del Plata,AR,-38.0023,-57.5575,68.95,70,0,17.27,clear sky
42,Abu Kamal,SY,34.4506,40.9171,69.03,32,0,5.7,clear sky
43,Kostomuksha,RU,64.571,30.5767,30.79,86,35,5.28,scattered clouds
44,Port Elizabeth,ZA,-33.918,25.5701,61.32,97,100,5.75,light rain
45,Rio Gallegos,AR,-51.6226,-69.2181,48.25,57,0,14.97,clear sky
46,Victor Harbor,AU,-35.5667,138.6167,49.68,70,48,6.06,scattered clouds
47,Kodiak,US,57.79,-152.4072,49.51,40,0,16.11,clear sky
48,Mangai,CD,-4.05,19.5333,72.12,94,100,1.52,overcast clouds
49,Tilichiki,RU,60.4667,166.1,31.37,88,100,3.06,overcast clouds
50,Atuona,PF,-9.8,-139.0333,78.6,75,1,15.14,clear sky
51,Mangan,IN,27.5167,88.5333,69.01,82,99,4.94,overcast clouds
52,Labuhan,ID,-6.8844,112.2051,78.67,88,98,3.67,overcast clouds
53,Clyde River,CA,70.4692,-68.5914,28.63,86,100,0.0,overcast clouds
54,Georgetown,MY,5.4112,100.3354,82.33,93,20,4.61,light rain
55,Bambous Virieux,MU,-20.3428,57.7575,72.21,94,20,3.44,few clouds
56,Worland,US,44.0169,-107.9554,61.95,23,75,20.71,broken clouds
57,Nguru,NG,12.8791,10.4526,93.49,23,27,3.44,scattered clouds
58,Sakaraha,MG,-22.9,44.5333,64.81,91,16,1.59,few clouds
59,Hithadhoo,MV,-0.6,73.0833,81.97,82,100,22.39,heavy intensity rain
60,Udachnyy,RU,66.4167,112.4,12.13,88,87,11.97,overcast clouds
61,Port Lincoln,AU,-34.7333,135.8667,57.69,75,98,7.7,overcast clouds
62,Vestmannaeyjar,IS,63.4427,-20.2734,47.77,94,100,25.37,overcast clouds
63,Vaini,TO,-21.2,-175.2,78.96,69,20,9.22,few clouds
64,Cooma,AU,-36.2333,149.1333,35.37,100,100,4.61,overcast clouds
65,Chokurdakh,RU,70.6333,147.9167,16.43,86,61,8.88,broken clouds
66,Sakakah,SA,29.9697,40.2064,65.77,17,72,5.19,broken clouds
67,Vila Velha,BR,-20.3297,-40.2925,76.95,69,75,12.66,broken clouds
68,Sisimiut,GL,66.9395,-53.6735,34.23,65,0,11.43,clear sky
69,Fortuna,US,40.5982,-124.1573,51.66,81,100,11.5,overcast clouds
70,Jamestown,US,42.097,-79.2353,65.84,20,0,6.91,clear sky
71,Cape Town,ZA,-33.9258,18.4232,58.91,84,0,3.0,clear sky
72,Machiques,VE,10.0644,-72.545,86.05,75,47,3.96,scattered clouds
73,Tura,IN,25.5198,90.2201,70.68,87,9,4.32,clear sky
74,Upernavik,GL,72.7868,-56.1549,16.52,83,60,5.86,broken clouds
75,Torbay,CA,47.6666,-52.7314,45.28,70,20,13.8,few clouds
76,Senanga,ZM,-16.1167,23.2667,66.63,41,56,3.74,broken clouds
77,Airai,TL,-8.9266,125.4092,57.96,89,51,4.18,broken clouds
78,Avarua,CK,-21.2078,-159.775,86.05,79,40,8.05,scattered clouds
79,Vostok,RU,46.4856,135.8833,40.6,71,83,4.79,broken clouds
80,Richards Bay,ZA,-28.783,32.0377,65.3,89,97,10.27,light rain
81,Tiksi,RU,71.6872,128.8694,8.01,94,74,4.18,broken clouds
82,Ilulissat,GL,69.2167,-51.1,28.42,74,3,0.0,clear sky
83,Vanavara,RU,60.34,102.2797,25.2,91,100,9.64,light snow
84,Aksu,CN,41.1231,80.2644,70.34,31,0,3.74,clear sky
85,Venado Tuerto,AR,-33.7456,-61.9688,67.77,60,83,6.15,broken clouds
86,Port Macquarie,AU,-31.4333,152.9167,50.9,69,0,5.08,clear sky
87,Faanui,PF,-16.4833,-151.75,82.11,75,0,12.62,light rain
88,Oksfjord,NO,70.2396,22.3479,35.01,89,100,8.3,light snow
89,Carnarvon,AU,-24.8667,113.6333,60.87,94,0,9.22,clear sky
90,Albany,US,42.6001,-73.9662,63.88,28,100,1.99,overcast clouds
91,Constitucion,CL,-35.3333,-72.4167,54.3,92,100,6.44,overcast clouds
92,Mayo,US,38.8876,-76.5119,58.98,52,100,10.36,overcast clouds
93,Asau,RO,46.4333,26.4,51.28,87,99,2.15,overcast clouds
94,Miri,MY,4.4148,114.0089,77.14,94,40,4.61,scattered clouds
95,Poum,NC,-20.2333,164.0167,77.16,62,100,19.55,overcast clouds
96,Orhangazi,TR,40.4892,29.3089,49.71,79,100,3.96,overcast clouds
97,San Quintin,MX,30.4833,-115.95,63.21,64,0,22.91,clear sky
98,East London,ZA,-33.0153,27.9116,63.18,75,96,11.41,overcast clouds
99,Tabuk,PH,17.4189,121.4443,74.46,87,51,4.38,broken clouds
100,San Fernando,PH,15.0286,120.6898,80.33,81,48,4.52,scattered clouds
101,Barrow,US,71.2906,-156.7887,28.42,86,75,13.8,broken clouds
102,Provideniya,RU,64.3833,-173.3,33.15,95,84,10.6,broken clouds
103,Anadyr,RU,64.75,177.4833,34.3,93,75,20.13,broken clouds
104,Hambantota,LK,6.1241,81.1185,82.74,94,20,6.91,few clouds
105,Sawakin,SD,19.1059,37.3321,80.8,56,0,7.83,clear sky
106,Coahuayana,MX,18.7333,-103.6833,86.38,51,12,7.02,few clouds
107,Cotonou,BJ,6.3654,2.4183,84.18,79,40,9.22,scattered clouds
108,Saint George,US,37.1041,-113.5841,84.63,11,0,24.16,clear sky
109,Lebu,CL,-37.6167,-73.65,55.69,97,100,3.4,overcast clouds
110,Poronaysk,RU,49.2167,143.1167,34.77,94,97,4.99,overcast clouds
111,Iqaluit,CA,63.7506,-68.5145,29.93,63,75,2.3,broken clouds
112,Port Alfred,ZA,-33.5906,26.891,57.18,92,99,3.0,overcast clouds
113,San Cristobal,VE,7.7669,-72.225,80.78,73,85,5.03,overcast clouds
114,Salalah,OM,17.0151,54.0924,84.29,74,40,4.61,scattered clouds
115,Potiskum,NG,11.7091,11.0694,92.75,33,49,7.09,scattered clouds
116,Muzaffarabad,PK,34.37,73.4711,71.65,46,0,6.64,clear sky
117,Khatanga,RU,71.9667,102.5,4.62,96,45,8.9,scattered clouds
118,Makakilo City,US,21.3469,-158.0858,80.92,57,100,11.5,overcast clouds
119,Floro,NO,61.5996,5.0328,46.96,71,40,13.8,scattered clouds
120,Muisne,EC,0.6,-80.0333,78.37,85,90,11.05,overcast clouds
121,Kaitangata,NZ,-46.2817,169.8464,52.68,91,89,2.28,overcast clouds
122,Kastamonu,TR,41.5,33.6667,38.8,88,0,1.12,clear sky
123,Kaeo,NZ,-35.1,173.7833,61.32,97,97,8.21,overcast clouds
124,Kahului,US,20.8947,-156.47,87.82,45,40,16.11,scattered clouds
125,Abu Zabad,SD,12.35,29.25,87.01,6,100,10.22,overcast clouds
126,Ahipara,NZ,-35.1667,173.1667,65.73,75,98,10.4,overcast clouds
127,Quatre Cocos,MU,-20.2078,57.7625,72.09,87,26,8.32,scattered clouds
128,Chuy,UY,-33.6971,-53.4616,59.22,78,3,4.09,clear sky
129,Micheweni,TZ,-4.9667,39.8333,79.63,83,100,13.89,overcast clouds
130,Xushan,CN,30.1764,121.2457,66.13,83,94,8.63,overcast clouds
131,Talnakh,RU,69.4865,88.3972,11.21,96,83,9.55,broken clouds
132,Arraial Do Cabo,BR,-22.9661,-42.0278,75.06,64,75,5.75,broken clouds
133,Sao Paulo De Olivenca,BR,-3.3783,-68.8725,77.0,93,77,1.63,broken clouds
134,Caraballeda,VE,10.6112,-66.8522,87.37,71,49,9.24,scattered clouds
135,Khasan,RU,42.4308,130.6434,48.67,49,4,6.42,clear sky
136,Pangnirtung,CA,66.1451,-65.7125,27.03,89,87,2.86,overcast clouds
137,Rayong,TH,12.8333,101.4333,82.96,99,100,1.99,overcast clouds
138,Biak,ID,-0.9131,122.8766,77.29,86,98,5.86,overcast clouds
139,Fortuna Foothills,US,32.6578,-114.4119,93.54,14,0,12.66,clear sky
140,Zhigansk,RU,66.7697,123.3711,18.68,93,100,25.19,snow
141,Karasjok,NO,69.4719,25.5112,28.92,78,60,17.56,broken clouds
142,Shelburne,CA,44.0787,-80.2041,61.59,31,16,9.4,few clouds
143,Davila,PH,18.4726,120.5763,78.78,73,93,6.98,overcast clouds
144,Cidreira,BR,-30.1811,-50.2056,66.76,79,0,14.05,clear sky
145,Antofagasta,CL,-23.65,-70.4,63.68,84,3,7.99,clear sky
146,Urucurituba,BR,-2.6833,-57.6667,75.4,97,82,2.62,broken clouds
147,Lompoc,US,34.6391,-120.4579,69.01,58,0,29.93,clear sky
148,Vilhena,BR,-12.7406,-60.1458,84.42,51,20,8.05,few clouds
149,Jibuti,DJ,11.5,42.5,80.01,63,94,7.76,overcast clouds
150,Bredasdorp,ZA,-34.5322,20.0403,54.81,85,100,3.91,overcast clouds
151,Grand Gaube,MU,-20.0064,57.6608,72.37,80,3,4.0,clear sky
152,Norman Wells,CA,65.282,-126.8329,44.64,49,75,8.05,broken clouds
153,Caravelas,BR,-17.7125,-39.2481,72.61,89,100,9.17,overcast clouds
154,Samarai,PG,-10.6167,150.6667,83.05,80,65,13.44,broken clouds
155,Ancud,CL,-41.8697,-73.8203,51.51,87,49,3.89,scattered clouds
156,Bandarbeyla,SO,9.4942,50.8122,82.47,83,14,8.7,light rain
157,Margate,GB,51.3813,1.3862,49.3,81,6,3.0,clear sky
158,San Jeronimo,PE,-11.9472,-75.2829,59.61,62,51,5.48,broken clouds
159,Canto Do Buriti,BR,-8.11,-42.9444,80.24,40,77,3.67,broken clouds
160,Tasiilaq,GL,65.6145,-37.6368,37.56,69,99,3.24,overcast clouds
161,Miandrivazo,MG,-19.5167,45.4667,73.36,83,0,1.43,clear sky
162,Victoria,HK,22.2855,114.1577,77.38,80,100,5.99,overcast clouds
163,Saint-Augustin,CA,51.226,-58.6502,44.38,54,96,9.62,overcast clouds
164,Fairbanks,US,64.8378,-147.7164,45.09,57,100,12.66,light rain
165,Pacific Grove,US,36.6177,-121.9166,62.55,71,75,14.97,broken clouds
166,Lavrentiya,RU,65.5833,-171.0,33.28,92,100,5.53,overcast clouds
167,Dikson,RU,73.5069,80.5464,26.8,95,100,26.71,light snow
168,Port Hardy,CA,50.6996,-127.4199,51.98,58,40,14.97,scattered clouds
169,Leningradskiy,RU,69.3833,178.4167,26.26,91,100,8.37,overcast clouds
170,Saldanha,ZA,-33.0117,17.9442,51.85,88,100,7.65,overcast clouds
171,Broken Hill,AU,-31.95,141.4333,42.51,81,0,8.05,clear sky
172,Kokoda,PG,-8.8785,147.7407,79.75,80,72,2.42,broken clouds
173,Acapulco,MX,16.8634,-99.8901,85.82,66,0,11.5,clear sky
174,Chlorakas,CY,34.8042,32.4083,61.68,48,0,8.05,light rain
175,Rio Grande,BR,-32.035,-52.0986,64.51,84,0,9.46,clear sky
176,Nantucket,US,41.2835,-70.0995,50.14,53,0,25.32,clear sky
177,Beringovskiy,RU,63.05,179.3167,35.73,69,40,18.07,scattered clouds
178,Hernani,ES,43.2662,-1.9762,58.6,80,0,3.44,clear sky
179,Point Pleasant,US,40.0832,-74.0682,59.05,69,100,12.66,overcast clouds
180,Ketchikan,US,55.3422,-131.6461,57.67,44,0,11.5,clear sky
181,Abu Dhabi,AE,24.4667,54.3667,84.31,72,0,2.3,clear sky
182,Kushima,JP,31.4583,131.2333,66.83,89,100,2.82,overcast clouds
183,Tzucacab,MX,20.0667,-89.05,105.12,22,4,2.91,clear sky
184,Odweyne,SO,9.4092,45.064,78.8,44,85,3.47,overcast clouds
185,Rocha,UY,-34.4833,-54.3333,57.33,82,0,5.41,clear sky
186,Viransehir,TR,37.2353,39.7631,56.71,57,22,4.81,few clouds
187,Roma,US,43.2128,-75.4557,66.34,20,0,8.05,clear sky
188,Namatanai,PG,-3.6667,152.4333,83.26,75,98,12.64,overcast clouds
189,Saskylakh,RU,71.9167,114.0833,9.57,94,95,13.67,overcast clouds
190,Copiapo,CL,-27.3667,-70.3333,60.49,57,98,5.23,overcast clouds
191,Houston,US,29.7633,-95.3633,95.41,61,0,12.66,clear sky
192,Sao Felix Do Xingu,BR,-6.6447,-51.995,77.9,78,65,2.71,broken clouds
193,Lasa,IT,46.6166,10.7002,54.48,96,99,1.16,overcast clouds
194,Sitka,US,57.0531,-135.33,53.49,58,20,18.41,few clouds
195,High Rock,BS,26.6208,-78.2833,82.42,70,0,1.88,clear sky
196,Severo-Kurilsk,RU,50.6789,156.125,38.57,95,100,17.22,moderate rain
197,Yurgamysh,RU,55.3714,64.4656,47.68,39,90,5.73,overcast clouds
198,Tigzirt,DZ,36.8886,4.1198,60.1,66,6,5.95,clear sky
199,Tuktoyaktuk,CA,69.4541,-133.0374,41.0,70,40,11.5,scattered clouds
200,Namibe,AO,-15.1961,12.1522,73.44,61,0,8.23,clear sky
201,Hofn,IS,64.2539,-15.2082,46.33,99,100,7.9,overcast clouds
202,El Tumbador,GT,14.8667,-91.9333,79.47,83,100,3.67,overcast clouds
203,Seoul,KR,37.5683,126.9778,53.04,93,0,4.61,clear sky
204,Carlton,US,45.2943,-123.1765,50.14,82,100,4.61,overcast clouds
205,Mujiayingzi,CN,42.1167,118.7833,46.38,45,0,6.02,clear sky
206,Waddan,LY,29.1614,16.139,67.01,48,0,16.15,clear sky
207,Suda,RU,59.1525,37.5582,36.41,95,94,5.44,overcast clouds
208,Salinopolis,BR,-0.6136,-47.3561,76.24,91,100,1.9,overcast clouds
209,Nanortalik,GL,60.1432,-45.2371,37.2,89,100,0.45,overcast clouds
210,Indija,IN,20.0,77.0,90.86,22,72,2.8,broken clouds
211,Naryan-Mar,RU,67.6713,53.087,28.38,94,100,6.58,overcast clouds
212,Guarabira,BR,-6.8547,-35.49,73.9,92,100,9.22,overcast clouds
213,Tupsan,PH,9.1992,124.7769,80.08,85,98,10.67,overcast clouds
214,La Ronge,CA,55.1001,-105.2842,55.65,30,75,17.27,broken clouds
215,Korla,CN,41.7597,86.1469,65.53,49,0,6.8,clear sky
216,Opuwo,NA,-18.0607,13.84,64.6,41,0,4.97,clear sky
217,General Roca,AR,-39.0333,-67.5833,66.61,47,100,8.86,light rain
218,Castro,BR,-24.7911,-50.0119,54.36,88,2,3.89,clear sky
219,Phalaborwa,ZA,-23.943,31.1411,63.68,74,56,13.11,broken clouds
220,Narsaq,GL,60.9167,-46.05,52.02,77,86,3.69,overcast clouds
221,Emerald,AU,-23.5333,148.1667,60.94,82,100,12.66,overcast clouds
222,Kericho,KE,-0.3677,35.2831,56.3,98,88,3.31,light rain
223,Matagami,CA,49.7502,-77.6328,68.11,14,0,12.66,clear sky
224,Clinton,US,42.587,-82.9199,65.12,36,75,14.97,broken clouds
225,La Grande,US,45.3246,-118.0877,48.72,61,99,6.33,overcast clouds
226,Pangai,TO,-19.8,-174.35,78.91,73,20,4.61,few clouds
227,Kraskino,RU,42.7114,130.7794,48.49,49,24,5.95,few clouds
228,Puri,IN,19.8,85.85,82.92,86,99,5.95,overcast clouds
229,Beidao,CN,34.5686,105.8933,50.0,91,100,1.16,overcast clouds
230,Sambava,MG,-14.2667,50.1667,74.03,91,17,7.7,light rain
231,Mosquera,CO,4.7059,-74.2302,66.29,59,75,3.44,broken clouds
232,Bud,US,39.447,-86.1758,71.55,40,72,11.95,broken clouds
233,Moba,CN,33.2288,105.0179,48.25,91,100,4.61,overcast clouds
234,Jiuquan,CN,39.7432,98.5174,59.2,30,29,9.42,scattered clouds
235,Kiunga,PG,-6.1219,141.2906,76.77,99,100,0.58,overcast clouds
236,Sur,OM,22.5667,59.5289,87.93,37,0,10.96,clear sky
237,Susehri,TR,40.1644,38.0867,44.65,83,92,5.82,overcast clouds
238,Charters Towers,AU,-20.1,146.2667,68.45,90,100,11.52,overcast clouds
239,Aleksandrov Gay,RU,50.147,48.5704,48.79,80,100,10.71,overcast clouds
240,Nhulunbuy,AU,-12.2333,136.7667,81.21,83,40,8.05,scattered clouds
241,Pisco,PE,-13.7,-76.2167,71.65,68,51,24.16,haze
242,Sao Desiderio,BR,-12.3633,-44.9733,79.38,47,78,7.9,broken clouds
243,Qaqortoq,GL,60.7167,-46.0333,37.99,80,91,4.41,overcast clouds
244,Diu,IN,20.7141,70.9822,80.33,79,1,16.96,clear sky
245,Bongouanou,CI,6.6486,-4.1992,73.89,98,98,2.19,moderate rain
246,Abeche,TD,13.8292,20.8324,87.76,12,2,6.17,clear sky
247,Shenxian,CN,36.2411,115.6672,46.38,87,100,6.91,overcast clouds
248,Erenhot,CN,43.6475,111.9767,52.39,24,3,10.85,clear sky
249,Iquique,CL,-20.2208,-70.1431,66.24,80,17,8.39,few clouds
250,Daru,PG,-9.0763,143.2092,81.95,90,69,9.91,broken clouds
251,Guanica,PR,17.9716,-66.908,85.98,79,30,10.0,scattered clouds
252,Tokur,RU,53.1333,132.9,36.39,74,27,3.09,scattered clouds
253,Ankazoabo,MG,-22.2833,44.5167,65.14,91,1,5.17,clear sky
254,Saint-Francois,FR,46.4154,3.9054,57.67,67,0,2.3,clear sky
255,Ormara,PK,25.2088,64.6357,81.07,81,0,12.21,clear sky
256,Nome,US,64.5011,-165.4064,33.17,93,100,20.71,light snow
257,Coquimbo,CL,-29.9533,-71.3436,62.33,67,40,6.91,scattered clouds
258,Rawson,AR,-43.3002,-65.1023,60.62,37,35,9.64,scattered clouds
259,Taltal,CL,-25.4,-70.4833,62.29,70,1,1.77,clear sky
260,Okha,RU,53.5739,142.9478,31.62,99,100,13.18,light snow
261,Natchitoches,US,31.7668,-93.1335,92.25,55,40,8.05,scattered clouds
262,San Patricio,US,28.017,-97.5169,92.16,55,1,20.42,clear sky
263,Great Bend,US,38.3645,-98.7648,85.03,61,0,0.0,clear sky
264,Sao Filipe,CV,14.8961,-24.4956,73.67,74,0,14.23,clear sky
265,Qinhuangdao,CN,39.9317,119.5883,48.65,64,79,4.7,broken clouds
266,Los Llanos De Aridane,ES,28.6585,-17.9182,62.35,77,0,11.5,clear sky
267,Taft,IR,31.7471,54.2088,67.95,16,21,11.5,few clouds
268,Hasaki,JP,35.7333,140.8333,59.4,54,100,11.72,moderate rain
269,Port Augusta,AU,-32.5,137.7667,53.31,69,79,4.47,broken clouds
270,Gambela,ET,8.25,34.5833,78.35,68,93,3.94,overcast clouds
271,Broome,US,42.2506,-75.833,64.09,25,0,13.8,clear sky
272,Zhezkazgan,KZ,47.8043,67.7144,53.62,33,100,17.54,overcast clouds
273,Alofi,NU,-19.0595,-169.9187,75.09,94,89,9.22,overcast clouds
274,Palmer,US,42.1584,-72.3287,58.55,27,75,10.36,broken clouds
275,Bosaso,SO,11.2842,49.1816,82.89,71,4,1.86,clear sky
276,Lixourion,GR,38.2019,20.4314,60.84,83,68,1.5,broken clouds
277,Laibin,CN,23.7,109.2667,71.51,89,100,3.58,overcast clouds
278,Kruisfontein,ZA,-34.0033,24.7314,55.42,67,96,4.0,overcast clouds
279,Mahebourg,MU,-20.4081,57.7,72.25,94,20,3.44,few clouds
280,Port-Cartier,CA,50.0334,-66.8654,48.42,75,12,6.42,few clouds
281,Baykit,RU,61.67,96.37,23.38,92,95,2.86,overcast clouds
282,Waspan,NI,14.7419,-83.9717,92.93,45,12,7.61,few clouds
283,Luang Prabang,LA,19.8856,102.1347,71.37,98,83,0.96,broken clouds
284,Isiro,CD,2.7739,27.616,67.53,99,88,3.06,light rain
285,San Nicolas,PH,18.1725,120.5953,78.71,94,75,4.61,broken clouds
286,Beyneu,KZ,45.3167,55.2,63.12,70,100,8.16,light rain
287,Kazanskaya,RU,45.4106,40.4361,46.67,79,93,3.83,overcast clouds
288,Morinville,CA,53.8001,-113.652,46.87,51,40,20.71,scattered clouds
289,Tonantins,BR,-2.8731,-67.8022,78.12,91,59,1.68,broken clouds
290,Hovd,MN,48.0056,91.6419,32.38,54,30,5.99,scattered clouds
291,Wewak,PG,-3.5534,143.6268,80.33,89,98,9.13,overcast clouds
292,Russell,US,32.3502,-85.1999,80.96,41,20,5.75,few clouds
293,Tombouctou,ML,20.0,-3.0,82.04,7,0,11.16,clear sky
294,Nemuro,JP,43.3236,145.575,42.67,73,27,11.27,scattered clouds
295,Inuvik,CA,68.3499,-133.7218,49.06,47,20,9.22,few clouds
296,Port Blair,IN,11.6667,92.75,77.04,94,100,11.5,heavy intensity rain
297,Bengkulu,ID,-3.8004,102.2655,77.0,82,90,3.74,overcast clouds
298,Sangar,RU,63.9242,127.4739,32.23,95,99,6.87,overcast clouds
299,The Valley,AI,18.217,-63.0578,84.06,83,75,9.22,broken clouds
300,Zarautz,ES,43.2844,-2.1699,58.75,80,7,4.45,clear sky
301,Cairns,AU,-16.9167,145.7667,77.07,97,75,11.5,moderate rain
302,Obama,JP,35.4958,135.746,54.95,67,100,3.47,overcast clouds
303,Mahibadhoo,MV,3.7833,72.9667,84.02,78,100,19.17,overcast clouds
304,Spanish Town,JM,17.9911,-76.9574,84.7,70,75,17.27,broken clouds
305,Rakitnoye,RU,50.8389,35.8515,52.12,71,97,7.02,overcast clouds
306,Churapcha,RU,62.0025,132.4325,34.61,98,100,7.25,snow
307,Olga,RU,43.7444,135.2892,49.91,42,5,5.97,clear sky
308,Kirakira,SB,-10.4544,161.9205,83.48,77,97,11.92,overcast clouds
309,Shache,CN,38.4167,77.2406,71.06,21,0,8.25,clear sky
310,Ribeira Grande,PT,38.5167,-28.7,62.94,79,27,5.84,scattered clouds
311,Ahar,IR,38.4774,47.0699,46.87,88,95,3.09,overcast clouds
312,Alta Floresta,BR,-9.8756,-56.0861,78.13,78,66,2.39,broken clouds
313,Hammerfest,NO,70.6634,23.6821,32.45,100,75,16.11,broken clouds
314,Longyearbyen,SJ,78.2186,15.6401,17.44,57,40,14.97,scattered clouds
315,Itarema,BR,-2.9248,-39.9167,77.22,90,100,9.37,overcast clouds
316,Bilibino,RU,68.0546,166.4372,23.79,81,100,5.01,overcast clouds
317,Jalu,LY,29.0331,21.5482,72.46,29,0,13.15,clear sky
318,Touros,BR,-5.1989,-35.4608,79.14,84,100,13.76,overcast clouds
319,Ferrol,ES,43.4832,-8.2369,64.92,78,59,6.82,broken clouds
320,Yeppoon,AU,-23.1333,150.7333,69.58,83,100,12.46,light rain
321,Neuquen,AR,-38.9516,-68.0591,67.89,40,0,8.05,clear sky
322,Haverfordwest,GB,51.8017,-4.9691,53.55,93,80,1.01,broken clouds
323,Awjilah,LY,29.1081,21.2869,71.73,33,0,13.47,clear sky
324,Kuala Terengganu,MY,5.3302,103.1408,80.55,94,40,3.44,thunderstorm
325,Asyut,EG,27.181,31.1837,82.58,16,92,4.21,overcast clouds
326,Saint-Georges,GD,12.0564,-61.7485,83.88,74,20,17.27,few clouds
327,Vila Franca Do Campo,PT,37.7167,-25.4333,65.19,84,81,2.51,broken clouds
328,Ponta Do Sol,PT,32.6667,-17.1,63.72,78,66,7.07,broken clouds
329,College,US,64.8569,-147.8028,45.07,58,75,12.66,broken clouds
330,Leshukonskoye,RU,64.8989,45.7622,32.29,93,100,5.41,overcast clouds
331,Griffith,US,41.5284,-87.4237,67.93,49,0,13.8,clear sky
332,Mitsamiouli,KM,-11.3847,43.2844,81.03,77,35,5.55,scattered clouds
333,Mangrol,IN,21.1167,70.1167,81.12,79,0,16.35,clear sky
334,Kavaratti,IN,10.5669,72.642,85.01,69,98,14.56,overcast clouds
335,Nador,MA,35.174,-2.9287,62.85,77,0,2.3,clear sky
336,Auki,SB,-8.7676,160.7034,81.81,79,100,4.85,overcast clouds
337,Acajutla,SV,13.5928,-89.8275,85.73,67,59,5.93,broken clouds
338,Camacha,PT,33.0833,-16.3333,58.42,77,20,10.36,few clouds
339,El Tigre,VE,8.8875,-64.2454,85.12,55,90,11.68,overcast clouds
340,Port-Gentil,GA,-0.7193,8.7815,82.36,83,40,6.91,scattered clouds
341,Clermont,FR,49.5,2.4167,54.72,91,1,8.23,clear sky
342,Dunedin,NZ,-45.8742,170.5036,54.81,88,100,2.84,overcast clouds
343,Nsanje,MW,-16.92,35.262,67.91,86,19,1.72,few clouds
344,Fontenay-Le-Comte,FR,46.5833,-1.0,62.24,70,82,8.01,broken clouds
345,Petionville,HT,18.5125,-72.2853,85.69,55,20,8.05,few clouds
346,Taoudenni,ML,22.6783,-3.9836,86.32,8,25,10.45,scattered clouds
347,Dingle,PH,10.9995,122.6711,78.04,87,95,7.9,overcast clouds
348,Brae,GB,60.3964,-1.353,47.32,88,100,17.76,overcast clouds
349,Ixtapa,MX,20.7,-105.2,90.25,38,62,8.19,broken clouds
350,Thinadhoo,MV,0.5333,72.9333,82.4,80,100,15.37,moderate rain
351,Porto Novo,BJ,6.4965,2.6036,84.02,83,36,9.75,light rain
352,Esperance,AU,-33.8667,121.9,55.24,48,1,8.63,clear sky
353,Goya,AR,-29.14,-59.2626,61.43,69,50,5.39,scattered clouds
354,Saint-Pierre,RE,-21.3393,55.4781,71.91,68,0,8.05,clear sky
355,Srivardhan,IN,18.0333,73.0167,82.44,81,97,9.64,overcast clouds
356,Roros,NO,62.5747,11.3842,33.64,64,100,3.44,overcast clouds
357,San Juan,AR,-31.5375,-68.5364,69.8,38,100,11.72,overcast clouds
358,Lorengau,PG,-2.0226,147.2712,84.65,71,59,16.75,broken clouds
359,Sao Jose De Ribamar,BR,-2.5619,-44.0542,79.18,79,99,3.22,heavy intensity rain
360,Srednekolymsk,RU,67.45,153.6833,32.54,87,37,8.32,scattered clouds
361,Saint-Philippe,RE,-21.3585,55.7679,71.19,85,33,7.99,scattered clouds
362,Nyurba,RU,63.2842,118.3319,32.45,93,100,8.05,light snow
363,Kochubey,RU,44.3861,46.5825,50.05,94,100,15.68,moderate rain
364,Skjervoy,NO,70.0311,20.9714,35.6,68,100,27.0,overcast clouds
365,Boca Del Monte,MX,19.15,-96.8167,98.29,22,11,8.95,few clouds
366,Harrisburg,US,40.2737,-76.8844,65.55,37,0,14.97,clear sky
367,Tessalit,ML,20.1986,1.0114,81.14,8,0,10.11,clear sky
368,Sao Jose Da Coroa Grande,BR,-8.8978,-35.1478,76.93,84,30,8.9,scattered clouds
369,Portland,US,45.5234,-122.6762,51.24,83,100,4.0,overcast clouds
370,Pronsk,RU,54.1048,39.6092,55.22,91,76,8.55,broken clouds
371,Jatara,IN,25.0167,79.05,86.43,21,0,5.91,clear sky
372,Muros,ES,42.7762,-9.0603,61.68,73,64,5.64,broken clouds
373,Jambi,ID,-1.6,103.6167,74.53,94,100,2.3,overcast clouds
374,Sao Miguel Do Araguaia,BR,-13.275,-50.1628,80.06,55,77,2.26,broken clouds
375,Katsuura,JP,35.1333,140.3,62.33,69,100,13.49,overcast clouds
376,Hamilton,US,39.1834,-84.5333,71.89,47,0,9.22,clear sky
377,Kapoeta,SS,4.7717,33.5903,80.94,58,96,1.77,overcast clouds
378,Yinchuan,CN,38.4681,106.2731,52.68,59,1,8.79,clear sky
379,Tocopilla,CL,-22.092,-70.1979,64.6,67,13,6.42,few clouds
380,Bonfim,BR,3.0833,-59.95,76.24,90,100,5.7,overcast clouds
381,Tamworth,GB,52.634,-1.6959,55.58,72,26,5.08,scattered clouds
382,Barra Do Garcas,BR,-15.89,-52.2567,79.56,52,1,1.41,clear sky
383,Aksarka,RU,66.5606,67.7975,35.94,100,100,10.54,overcast clouds
384,Illela,NG,13.7292,5.2975,92.91,23,40,5.44,scattered clouds
385,Kumla,SE,59.1277,15.1434,40.33,60,16,3.44,few clouds
386,Nouakchott,MR,18.0858,-15.9785,67.93,75,37,20.4,scattered clouds
387,Agadez,NE,19.75,10.25,91.44,13,95,7.76,overcast clouds
388,Aviles,ES,43.5547,-5.9248,59.38,94,0,5.75,clear sky
389,Yining,CN,29.0361,114.5636,67.12,98,87,1.19,overcast clouds
390,Suzun,RU,53.7841,82.3116,38.16,84,33,4.83,scattered clouds
391,Vao,NC,-22.6667,167.4833,73.44,69,97,11.92,overcast clouds
392,Novoagansk,RU,61.9449,76.6625,28.35,97,99,4.9,overcast clouds
393,Moshi,TZ,-3.35,37.3333,73.78,90,85,3.04,overcast clouds
394,Teguldet,RU,57.3064,88.1667,26.85,62,0,3.44,clear sky
395,Lagoa,PT,39.05,-27.9833,61.5,83,52,9.82,broken clouds
396,Pishin,PK,30.5803,66.9961,72.36,16,0,0.92,clear sky
397,El Bagre,CO,7.5927,-74.8086,87.4,68,21,4.43,few clouds
398,Nokaneng,BW,-19.6667,22.2667,63.34,32,0,7.18,clear sky
399,Chifeng,CN,42.2683,118.9636,47.8,42,0,5.14,clear sky
400,Riyadh,SA,24.6877,46.7219,77.14,23,0,9.4,clear sky
401,Saint-Leu,RE,-21.15,55.2833,71.31,73,0,3.6,clear sky
402,Sorong,ID,-0.8833,131.25,79.65,87,100,5.19,overcast clouds
403,Sorland,NO,67.667,12.6934,39.06,92,100,17.34,overcast clouds
404,Keita,NE,14.7551,5.7749,88.72,25,10,1.86,clear sky
405,Teya,RU,60.3778,92.6267,22.26,95,100,4.88,overcast clouds
406,Taonan,CN,45.3333,122.7833,56.23,19,0,9.48,clear sky
407,Khartoum,SD,15.5518,32.5324,91.87,6,61,15.12,broken clouds
408,Alakurtti,RU,66.9672,30.3491,30.25,87,95,3.02,overcast clouds
409,Malanje,AO,-9.5402,16.341,68.95,74,51,2.84,broken clouds
410,San Joaquin,US,37.9333,-121.3011,64.47,34,75,17.27,broken clouds
411,Magdalena,PH,14.1999,121.429,82.35,88,60,5.44,broken clouds
412,Orlik,RU,52.5178,99.825,25.9,55,100,6.11,light snow
413,Bilma,NE,18.6853,12.9164,92.19,11,93,2.51,overcast clouds
414,Noyabrsk,RU,63.1994,75.4507,33.93,99,100,12.53,overcast clouds
415,Isangel,VU,-19.55,169.2667,77.11,78,75,4.61,broken clouds
416,Port Hedland,AU,-20.3167,118.5667,68.05,42,89,8.05,overcast clouds
417,Vardo,NO,70.3705,31.1107,28.38,74,75,16.11,broken clouds
418,Darhan,MN,49.4867,105.9228,37.47,79,100,16.82,moderate rain
419,Ajdabiya,LY,30.7554,20.2263,66.52,49,0,10.85,clear sky
420,Carballo,ES,43.213,-8.691,69.22,88,58,2.06,broken clouds
421,Nouadhibou,MR,20.931,-17.0347,66.18,88,18,14.97,few clouds
422,Gangtok,IN,27.3333,88.6167,57.61,83,99,4.97,overcast clouds
423,Birao,CF,10.2849,22.7882,88.2,25,88,5.08,overcast clouds
424,Vanimo,PG,-2.6741,141.3028,80.69,85,100,6.22,overcast clouds
425,Champerico,GT,14.3,-91.9167,86.54,67,67,9.89,broken clouds
426,Den Helder,NL,52.9599,4.7593,48.97,77,100,11.99,overcast clouds
427,Kavieng,PG,-2.5744,150.7967,84.81,66,97,18.39,overcast clouds
428,Puerto Madryn,AR,-42.7692,-65.0385,61.57,35,51,9.35,broken clouds
429,Naze,JP,28.3667,129.4833,70.72,91,98,7.54,overcast clouds
430,Flinders,AU,-34.5833,150.8552,58.28,87,94,4.0,light rain
431,Koumac,NC,-20.5667,164.2833,75.24,65,100,3.02,overcast clouds
432,Mirnyy,RU,62.5353,113.9611,30.24,92,100,8.99,overcast clouds
433,Champasak,LA,14.75,106.0,74.03,99,100,1.7,light rain
434,Azul,AR,-36.777,-59.8585,67.33,77,79,7.25,broken clouds
435,Bogalusa,US,30.791,-89.8487,89.82,51,75,5.75,broken clouds
436,Binzhou,CN,37.3667,118.0167,46.2,85,100,4.43,overcast clouds
437,Bathurst,AU,-33.4166,149.5806,46.72,86,0,5.08,clear sky
438,Marsh Harbour,BS,26.5412,-77.0636,78.1,74,0,11.05,clear sky
439,Mettlach,DE,49.4935,6.5969,59.41,95,20,5.37,few clouds
440,Araouane,ML,18.9048,-3.5265,84.29,6,0,12.17,clear sky
441,Peniche,PT,39.3558,-9.3811,61.11,91,4,8.77,clear sky
442,Atar,MR,20.5169,-13.0499,94.46,16,83,10.94,broken clouds
443,Rabak,SD,13.1809,32.74,93.42,25,100,8.46,overcast clouds
444,Goundam,ML,16.4145,-3.6708,89.51,8,0,13.51,clear sky
445,Kamina,CD,-8.7386,24.9906,67.12,72,100,3.22,overcast clouds
446,Ahuimanu,US,21.4447,-157.8378,82.11,65,75,11.5,broken clouds
447,Nara,JP,34.6851,135.8049,57.49,42,99,4.09,overcast clouds
448,Mattru,SL,7.6244,-11.8332,75.76,93,100,2.82,overcast clouds
449,Abilene,US,32.4487,-99.7331,106.09,10,0,18.41,clear sky
450,Pingyi,CN,35.5006,117.6308,53.11,57,100,3.76,overcast clouds
451,Ca Mau,VN,9.1769,105.15,80.06,84,96,8.25,overcast clouds
452,Ugoofaaru,MV,5.6667,73.0,84.58,75,100,19.82,overcast clouds
453,Sobolevo,RU,54.4299,31.8996,41.72,79,100,7.31,overcast clouds
454,Doka,SD,13.5167,35.7667,88.65,39,82,9.55,broken clouds
455,Meulaboh,ID,4.1363,96.1285,77.13,88,100,3.96,overcast clouds
456,Christchurch,NZ,-43.5333,172.6333,57.9,92,100,9.22,overcast clouds
457,Bay Roberts,CA,47.5999,-53.2648,46.04,52,2,3.0,clear sky
458,Am Timan,TD,11.0297,20.2827,92.19,17,60,2.51,broken clouds
459,Ulladulla,AU,-35.35,150.4667,58.1,81,38,7.27,scattered clouds
460,Mount Gambier,AU,-37.8333,140.7667,44.51,100,100,4.61,overcast clouds
461,Khor,RU,47.8861,134.9464,47.17,57,28,9.13,scattered clouds
462,Lagos,NG,6.5833,3.75,81.12,85,21,7.09,few clouds
463,Yakeshi,CN,49.2833,120.7333,53.71,24,14,11.16,few clouds
464,Povenets,RU,62.8487,34.8262,33.53,82,66,5.23,broken clouds
465,Dalby,AU,-27.1833,151.2667,60.98,90,100,1.01,light rain
466,San Ramon,US,37.7799,-121.978,63.55,44,20,23.02,few clouds
467,Maragogi,BR,-9.0122,-35.2225,76.37,84,18,8.59,few clouds
468,Kimbe,PG,-5.5502,150.1429,80.78,83,99,1.99,overcast clouds
469,Faya,SA,18.3851,42.4509,66.72,56,0,0.98,clear sky
470,Angra Dos Reis,BR,-23.0067,-44.3181,69.21,88,58,2.51,broken clouds
471,Ambilobe,MG,-13.2,49.05,72.19,93,19,3.38,few clouds
472,Kahta,TR,37.7855,38.6237,58.37,49,90,5.84,overcast clouds
473,La Primavera,CO,5.4906,-70.4092,82.53,74,46,4.61,scattered clouds
474,Traverse City,US,44.7631,-85.6206,69.87,18,100,5.75,overcast clouds
475,Thunder Bay,CA,48.4001,-89.3168,50.29,53,100,10.36,overcast clouds
476,Kalabo,ZM,-14.97,22.6814,69.75,41,85,3.56,overcast clouds
477,Changli,CN,39.7042,119.1506,46.78,78,100,3.65,overcast clouds
478,Mehamn,NO,71.0357,27.8492,31.95,86,75,16.11,light snow
479,Monroe,US,43.1501,-77.6831,64.44,30,0,16.11,clear sky
480,Arlit,NE,18.7369,7.3853,93.13,17,99,3.65,overcast clouds
481,Taksimo,RU,56.3444,114.8794,37.71,67,100,6.31,overcast clouds
482,Predivinsk,RU,57.0669,93.4378,27.01,65,48,3.11,scattered clouds
483,Half Moon Bay,US,37.4636,-122.4286,63.54,54,0,29.93,haze
484,Kieta,PG,-6.2167,155.6333,81.86,80,57,2.98,light rain
485,Harper,LR,4.375,-7.7169,79.18,86,100,5.66,light rain
486,Erzin,TR,36.9559,36.2,58.71,72,38,3.02,scattered clouds
487,Bundaberg,AU,-24.85,152.35,68.29,99,40,10.36,light rain
488,Abha,SA,18.2164,42.5053,66.45,64,0,0.0,clear sky
489,Ludvika,SE,60.1496,15.1878,35.33,44,29,3.67,scattered clouds
490,Cockburn Town,TC,21.4612,-71.1419,82.36,69,40,5.75,scattered clouds
491,Porto San Giorgio,IT,43.1827,13.7934,59.0,81,15,6.35,few clouds
492,Nuristan,AF,35.3,70.8333,40.06,40,0,8.57,clear sky
493,Yovon,TJ,38.3141,69.0378,67.68,36,4,8.43,clear sky
494,La Ciotat,FR,43.1748,5.6045,60.67,89,92,6.91,overcast clouds
495,Isla Mujeres,MX,21.2311,-86.731,87.17,76,0,14.83,clear sky
496,Cabo San Lucas,MX,22.8909,-109.9124,91.71,27,40,8.05,scattered clouds
497,Pathein,MM,16.7833,94.7333,79.16,86,100,5.73,overcast clouds
498,Byron Bay,AU,-28.65,153.6167,66.09,73,100,12.37,light rain
499,Masumbwe,TZ,-3.6333,32.1833,66.04,80,99,2.42,overcast clouds
500,Myslenice,PL,49.8338,19.9383,56.39,88,27,0.31,scattered clouds
501,Manokwari,ID,-0.8667,134.0833,81.12,77,95,6.62,overcast clouds
502,Upington,ZA,-28.4478,21.2561,48.58,66,0,1.14,clear sky
503,Belaya Gora,RU,68.5333,146.4167,27.68,87,70,8.3,broken clouds
504,Indiaroba,BR,-11.5192,-37.5117,74.35,87,100,4.94,overcast clouds
505,Yabassi,CM,4.457,9.9682,76.69,96,89,0.31,overcast clouds
506,Gera,DE,50.8803,12.0819,54.86,57,50,4.99,scattered clouds
507,Bathsheba,BB,13.2167,-59.5167,83.01,74,20,16.11,few clouds
508,Tipperary,IE,52.4733,-8.1558,54.05,97,100,8.1,overcast clouds
509,Batemans Bay,AU,-35.7167,150.1833,53.1,79,12,3.36,few clouds
510,Srandakan,ID,-7.9386,110.2506,77.41,89,100,1.9,overcast clouds
511,Cranbrook,CA,49.4999,-115.7688,39.04,75,75,5.75,broken clouds
512,Turayf,SA,31.6725,38.6637,61.05,36,0,4.61,clear sky
513,Vrangel,RU,42.7297,133.0839,47.14,53,14,6.6,few clouds
514,Klaksvik,FO,62.2266,-6.589,49.12,98,100,20.47,light rain
515,Altay,CN,47.8667,88.1167,43.9,42,75,3.74,broken clouds
516,Codrington,AU,-38.2667,141.9667,46.6,90,61,6.46,broken clouds
517,Dryden,CA,49.7833,-92.7503,46.69,100,100,9.22,overcast clouds
518,San Juan Del Sur,NI,11.2529,-85.8705,91.62,46,40,4.61,scattered clouds
519,Westport,US,41.1415,-73.3579,59.27,33,20,17.27,few clouds
520,Nedjo,ET,9.5046,35.5019,61.05,86,99,2.73,overcast clouds
521,Tuatapere,NZ,-46.1333,167.6833,53.37,87,100,2.3,overcast clouds
522,Sheksna,RU,59.21,38.5107,38.03,94,100,5.5,overcast clouds
523,Shimoda,JP,34.6667,138.95,58.1,82,99,3.04,overcast clouds
524,Plettenberg Bay,ZA,-34.0527,23.3716,56.88,72,67,2.84,broken clouds
525,Santa Fe,AR,-31.6333,-60.7,69.03,62,71,6.02,light rain
526,Bulgan,MN,48.8125,103.5347,34.02,78,100,8.41,light snow
527,Buraydah,SA,26.326,43.975,79.25,17,12,8.01,few clouds
528,Newport,GB,51.5877,-2.9984,57.34,74,49,5.03,scattered clouds
529,Paamiut,GL,61.994,-49.6678,33.03,88,100,19.3,overcast clouds
530,Bollnas,SE,61.3482,16.3946,37.78,57,45,2.19,scattered clouds
531,Eyl,SO,7.9803,49.8164,83.19,79,50,8.39,scattered clouds
532,Saint Anthony,US,45.0205,-93.218,63.55,51,100,23.02,overcast clouds
533,Acari,PE,-15.4311,-74.6158,73.27,63,20,7.23,few clouds
534,Gannan,CN,47.9147,123.5031,55.8,33,2,6.35,clear sky
535,Tiarei,PF,-17.5333,-149.3333,84.22,79,26,10.11,scattered clouds
536,Qeshm,IR,26.9581,56.2719,84.09,67,0,5.7,clear sky
537,Kayes,ML,14.0,-11.0,96.55,26,82,4.05,light rain
538,Buala,SB,-8.145,159.5921,83.12,80,98,9.91,moderate rain
539,Alamos,MX,27.0167,-108.9333,95.41,14,0,11.63,clear sky
540,Necochea,AR,-38.5473,-58.7368,64.81,70,16,8.66,few clouds
541,Aswan,EG,24.0934,32.907,85.3,14,0,4.61,clear sky
542,Olafsvik,IS,64.8945,-23.7142,43.93,90,100,19.33,light rain
543,Dulovo,BG,43.8167,27.15,44.35,78,100,7.85,overcast clouds
544,Berlevag,NO,70.8578,29.0864,32.0,80,75,14.97,broken clouds
545,Puerto Lleras,CO,3.0223,-73.4044,77.27,93,91,0.36,overcast clouds
546,Enid,US,36.3956,-97.8784,96.98,29,0,13.8,clear sky
547,Englewood,US,39.6478,-104.9878,76.15,30,75,23.02,broken clouds
548,Rioja,AR,-29.4111,-66.8507,64.94,64,100,2.95,overcast clouds
549,Calamar,CO,10.2511,-74.9146,85.69,67,78,10.54,broken clouds
550,Mahon,ES,39.8885,4.2658,61.36,72,20,3.44,few clouds
551,Geraldton,AU,-28.7667,114.6,54.01,94,0,8.05,clear sky
552,Nago,JP,26.5881,127.9761,75.63,92,99,4.61,overcast clouds
553,Thongwa,MM,16.7619,96.5278,82.56,76,100,8.32,overcast clouds
554,Santa Maria,BR,-29.6842,-53.8069,63.7,82,0,5.75,clear sky
555,Sainte-Martine,CA,45.2501,-73.7992,66.33,53,0,7.85,clear sky
556,Coihaique,CL,-45.5752,-72.0662,48.81,91,7,7.47,clear sky
557,Oriximina,BR,-1.7656,-55.8661,76.01,92,84,2.15,broken clouds
558,Pangkalanbuun,ID,-2.6833,111.6167,74.08,99,100,1.41,light rain
559,Sierra Vista,US,31.5545,-110.3037,86.5,12,0,27.63,haze
560,Bocas Del Toro,PA,9.3333,-82.25,83.86,71,7,6.33,clear sky
561,Jiazi,CN,22.8779,116.067,71.56,90,100,4.94,overcast clouds
562,Deputatskiy,RU,69.3,139.9,16.61,94,100,4.38,overcast clouds
563,Ostrovnoy,RU,68.0531,39.5131,26.24,79,29,7.99,scattered clouds
564,Osa,RU,57.2829,55.4567,45.27,72,5,3.89,clear sky
565,Apt,FR,43.8833,5.4,55.38,92,100,3.0,overcast clouds
566,Katherine,AU,-14.4667,132.2667,68.32,42,2,9.22,clear sky
567,Antalaha,MG,-14.9003,50.2788,73.38,89,12,5.84,few clouds
568,Toamasina,MG,-18.1667,49.3833,69.8,100,20,2.3,few clouds
569,Querendaro,MX,19.8667,-100.9167,92.08,13,79,1.83,broken clouds
570,Foumban,CM,5.7291,10.9001,68.56,76,50,2.57,scattered clouds
571,Mitzic,GA,0.7821,11.549,70.18,97,100,0.94,overcast clouds
572,Moron,AR,-34.6534,-58.6198,67.93,63,70,4.14,broken clouds
573,Razole,IN,16.4833,81.8333,78.19,90,83,1.01,broken clouds
574,Fort-Shevchenko,KZ,44.5086,50.263,56.46,81,100,19.46,overcast clouds
575,Lata,PT,40.1629,-8.3327,58.05,76,6,0.92,clear sky
576,Pacifica,US,37.6138,-122.4869,63.43,61,40,29.93,haze
577,Dodola,ET,6.9833,39.1833,52.72,60,32,1.52,scattered clouds
578,Adrar,MR,20.5022,-10.0711,89.26,12,38,5.82,scattered clouds
579,Nishihara,JP,26.1842,127.7558,74.86,94,75,6.91,broken clouds
580,Pundaguitan,PH,6.3711,126.1689,77.43,93,100,12.37,heavy intensity rain
581,Little Current,CA,45.9793,-81.9248,48.25,54,22,8.46,few clouds
582,Mogadishu,SO,2.0371,45.3438,81.9,85,78,18.45,broken clouds
583,Avera,US,33.194,-82.5271,71.11,48,73,7.34,broken clouds
584,Mariental,NA,-24.6333,17.9667,52.27,28,0,9.69,clear sky
585,Salinas,US,36.6777,-121.6555,62.96,57,75,20.71,broken clouds
586,Zapolyarnyy,RU,69.4154,30.8136,31.28,83,91,3.11,overcast clouds
587,Yegros,PY,-26.45,-56.4,64.26,84,3,4.23,clear sky
588,Basco,PH,20.4487,121.9702,83.14,74,93,13.27,overcast clouds
589,Basoko,CD,1.2391,23.616,73.58,90,100,3.02,overcast clouds
590,Dickson,US,36.077,-87.3878,75.96,53,0,4.61,clear sky
591,Havelock,US,34.8791,-76.9013,55.38,93,100,17.27,mist
592,Lima,PE,-12.0432,-77.0282,64.65,77,0,9.22,clear sky
593,Mattersburg,AT,47.7333,16.4,60.06,88,93,4.56,overcast clouds
594,Jiangyou,CN,31.7667,104.7167,66.45,87,100,2.35,light rain
595,Husavik,IS,66.0449,-17.3389,41.34,91,98,4.34,overcast clouds
596,Wahiawa,US,21.5028,-158.0236,79.12,61,100,10.36,overcast clouds
597,Siuna,NI,13.7332,-84.7773,93.27,41,10,2.77,clear sky
598,Luderitz,NA,-26.6481,15.1594,60.98,42,60,9.08,broken clouds
599,South Charleston,US,38.3684,-81.6996,70.88,49,40,6.91,scattered clouds
600,Amur,RU,54.0,128.0,50.25,33,78,11.92,broken clouds
601,Shibetsu,JP,43.659,145.132,45.86,64,0,5.68,clear sky
602,Eureka,US,40.8021,-124.1637,51.93,69,100,5.99,overcast clouds
603,Aklavik,CA,68.2191,-135.0107,43.0,67,26,8.34,scattered clouds
604,Marzuq,YE,14.4,46.4667,75.25,55,54,4.65,broken clouds
605,Santa Isabel Do Rio Negro,BR,-0.4139,-65.0192,76.26,95,42,2.93,scattered clouds
606,Mana,GF,5.6592,-53.7767,78.04,85,51,8.21,broken clouds
607,Narimanov,RU,46.6927,47.8498,48.11,88,100,13.71,light rain
608,Talaya,RU,61.3833,152.75,30.49,76,46,4.16,scattered clouds
609,Hanyang,CN,32.1371,105.5126,59.29,85,100,5.5,heavy intensity rain
610,Canton,CN,23.1167,113.25,71.55,84,100,1.79,overcast clouds
611,Mukhtolovo,RU,55.4644,43.1953,47.8,71,91,9.42,overcast clouds
612,Yerbogachen,RU,61.2767,108.0108,27.21,84,100,10.27,overcast clouds
613,Kudahuvadhoo,MV,2.6708,72.8944,84.04,78,100,18.99,moderate rain
614,Cayenne,GF,4.9333,-52.3333,82.09,1,20,4.61,few clouds
615,Arman,RU,59.7,150.1667,39.02,70,72,2.75,broken clouds
616,Parsabad,IR,39.6482,47.9174,57.52,94,75,0.0,broken clouds
617,Methoni,GR,36.8197,21.7049,57.06,75,15,4.76,few clouds
618,Demyanovo,RU,60.3511,47.0842,52.81,68,98,12.53,overcast clouds
619,Searcy,US,35.2506,-91.7363,79.14,59,75,11.5,broken clouds
620,Karratha,AU,-20.7377,116.8463,75.22,36,100,13.27,overcast clouds
621,Havre-Saint-Pierre,CA,50.2334,-63.5986,43.16,52,0,19.57,clear sky
622,Koshurnikovo,RU,54.1667,93.3,27.61,63,100,0.96,overcast clouds
623,Nabire,ID,-3.3667,135.4833,78.84,86,88,2.89,overcast clouds
624,Tautira,PF,-17.7333,-149.15,80.8,79,58,10.85,light rain
625,Lewistown,US,40.5992,-77.5714,66.18,60,0,10.36,haze
626,Albanel,CA,48.8832,-72.4487,58.98,20,8,5.75,clear sky
627,Mareeba,AU,-17.0,145.4333,72.45,93,29,7.47,scattered clouds
628,Umm Lajj,SA,25.0213,37.2685,80.67,41,63,7.56,broken clouds
629,Abrau-Dyurso,RU,44.69,37.59,42.26,75,67,6.64,broken clouds
630,Hobyo,SO,5.3505,48.5268,82.99,83,100,16.31,light rain
631,Ingham,US,42.6,-84.3833,65.43,36,0,11.5,clear sky
632,Muramvya,BI,-3.2682,29.6079,57.43,91,100,0.96,overcast clouds
633,Cartagena,CO,10.3997,-75.5144,89.22,70,40,16.11,scattered clouds
634,Waldshut-Tiengen,DE,47.6232,8.2172,57.87,88,23,5.06,few clouds
635,Kutulik,RU,53.3508,102.7839,29.32,63,27,9.42,scattered clouds
636,Waingapu,ID,-9.6567,120.2641,79.11,82,21,11.18,few clouds
637,Madimba,TZ,-10.4,40.3333,74.34,90,58,8.16,broken clouds
638,Jutai,BR,-5.1833,-68.9,78.98,82,87,0.98,overcast clouds
639,Kristiinankaupunki,FI,62.2743,21.376,38.89,76,87,10.58,overcast clouds
640,Abu Samrah,SY,35.3029,37.1841,60.66,55,8,4.38,clear sky
641,Paralimni,CY,35.0375,33.9833,63.14,70,20,4.0,few clouds
642,Sovetskiy,RU,61.3614,63.5842,44.22,79,10,5.68,clear sky
643,Gat,IL,31.61,34.7642,66.4,48,3,3.71,clear sky
644,Mao,ES,39.8885,4.2658,61.36,72,20,3.44,few clouds
645,Gushikawa,JP,26.3544,127.8686,74.79,93,40,5.75,scattered clouds
646,Sabang,ID,5.8933,95.3214,82.67,74,100,6.44,overcast clouds
647,Svalyava,UA,48.5485,22.9958,58.89,85,41,5.59,scattered clouds
648,Kailua,US,21.4022,-157.7394,82.38,69,75,8.99,broken clouds
649,Huangcun,CN,30.0145,118.4037,65.34,97,100,3.58,overcast clouds
650,Ritchie,ZA,-29.038,24.6028,45.61,69,13,9.42,few clouds
651,Pietarsaari,FI,63.65,22.6833,39.99,62,97,1.01,overcast clouds
652,Wilmington,US,34.2257,-77.9447,57.11,77,100,13.8,overcast clouds
653,Azanka,RU,58.0401,64.7893,45.97,66,7,4.59,clear sky
654,Lira,UG,2.235,32.9097,64.45,96,100,4.16,light rain
655,Montepuez,MZ,-13.1256,38.9997,63.81,90,6,3.31,clear sky
656,Luba,GQ,3.4568,8.5547,81.55,84,73,7.65,light rain
657,Malakal,SS,9.5334,31.6605,87.67,47,96,6.17,overcast clouds
658,Wangaratta,AU,-36.3667,146.3333,35.65,100,40,0.0,scattered clouds
659,Japura,ID,-0.3167,102.35,74.93,93,100,2.24,overcast clouds
660,Litein,KE,-0.5823,35.1903,56.46,98,92,3.09,light rain
661,Sishui,CN,35.6489,117.2758,53.49,56,100,5.73,overcast clouds
662,Pitimbu,BR,-7.4706,-34.8086,79.39,79,98,12.71,overcast clouds
663,Mezen,RU,65.8522,44.24,30.45,95,100,6.6,overcast clouds
664,Yongchang,CN,30.0381,119.7317,64.58,87,100,6.06,overcast clouds
665,Sistranda,NO,63.7256,8.834,44.56,71,100,13.58,light rain
666,Inhambane,MZ,-23.865,35.3833,71.76,85,0,7.54,clear sky
667,Carauari,BR,-4.8828,-66.8958,76.42,95,37,2.73,scattered clouds
668,Bayshore Gardens,US,27.4253,-82.5904,87.28,54,0,12.66,clear sky
669,Baracoa,CU,20.3467,-74.4958,84.63,66,8,0.6,clear sky
670,Palamos,ES,41.8484,3.1291,65.01,46,85,1.99,overcast clouds
671,Biankouma,CI,7.7391,-7.6138,71.58,94,100,3.42,overcast clouds
